{"ChordSymbolTokenizer": {"correct_bar_predictions": 0.9213336594114291, "correct_new_chord_predictions": 0.9090082763239726, "correct_position_predictions": 0.8553796105822131, "correct_chord_predictions": 0.6031191694972013, "correct_root_predictions": 0.6387599866047936}, "PitchClassTokenizer": {"correct_bar_predictions": 0.9214023644516918, "correct_new_chord_predictions": 0.9122168478521143, "correct_position_predictions": 0.8593937071979312, "correct_chord_predictions": 0.5911115368037929, "correct_root_predictions": 0.0}}