{"ChordSymbolTokenizer": {"correct_bar_predictions": 0.9278552213255075, "correct_new_chord_predictions": 0.9105869970817586, "correct_position_predictions": 0.8508826484236712, "correct_chord_predictions": 0.6062287709898101, "correct_root_predictions": 0.6395732669951681}, "PitchClassTokenizer": {"correct_bar_predictions": 0.9267835303709743, "correct_new_chord_predictions": 0.8892773334610411, "correct_position_predictions": 0.8201714477275992, "correct_chord_predictions": 0.5131938125568699, "correct_root_predictions": 0.0}}